user,c8290af5-5ce1-4ded-ae60-cdca40dd57c6,tete,tetetete,Dujrawee,Lhoayookhong,c8290af5-5ce1-4ded-ae60-cdca40dd57c6.jpg,2022-10-21 04:30,false,,0,
user,62703afa-264d-4535-a1c4-1c038b82df91,zonzon,zonzonzonzon,Thanaphat,Chueatoluang,62703afa-264d-4535-a1c4-1c038b82df91.jpg,2022-10-20 15:55,false,,0,
user,f251c590-8a4b-46b8-aaa5-adbdb5961a22,gungun,gungungungun,,,f251c590-8a4b-46b8-aaa5-adbdb5961a22.jpg,2022-10-20 22:05,false,,0,
user,a809abed-7dd2-4721-bf4f-f24ca6eda8f4,liam,liamliam,เหลี่ยม,เหลี่ยม,a809abed-7dd2-4721-bf4f-f24ca6eda8f4.jpg,2022-10-20 21:27,false,,0,
user,4835d115-7ec8-4a91-9f93-50e54a516f37,kita_tae,tae<3kita,,,default.jpg,2022-10-20 17:37,false,,0,
mod,8d84ba9f-52c6-44f4-9d96-b25948bd8013,dujduj,dujdujduj,deerawuj,lhongyookhoa,4.jpg,2022-10-21 04:22,,,,สถานที่
user,8e5d46f4-bcb2-44f1-aa5a-7b3ab1434f00,tangmod,tangmodleaw,,,8e5d46f4-bcb2-44f1-aa5a-7b3ab1434f00.jpg,2022-10-20 22:10,false,,0,
user,7688820a-75d0-49bc-81dd-fc8cf8dfc421,emi,emithecat,Emi,Yusa,7688820a-75d0-49bc-81dd-fc8cf8dfc421.jpg,2022-10-21 02:36,false,,0,
user,90b79387-2a5c-4597-a440-2c1c609e5008,bingsu,bingsuthecat,Bingsu,Kapi-sweet,90b79387-2a5c-4597-a440-2c1c609e5008.jpg,2022-10-21 04:00,false,,0,
user,6722db1d-42fb-4806-ae96-09968f3f46d6,haru,haruthecat,Nakano,Boss Haru,6722db1d-42fb-4806-ae96-09968f3f46d6.jpg,2022-10-21 04:02,false,,0,
user,f6b56ea0-e538-46ff-8088-076043b57148,jengjeaw,jengthedog,Jeng,Jeaw,f6b56ea0-e538-46ff-8088-076043b57148.jpg,2022-10-21 04:22,false,,0,
admin,53d41191-f106-4993-bd5b-3bbff2497daf,admin,adminadmin,Admit,Dekwa,53d41191-f106-4993-bd5b-3bbff2497daf.jpg,2022-10-21 04:22,,,,
mod,63f8150a-32d8-4dc2-ac05-80dfd288a1e4,Jarb,jarbthecat,Jarb,JingJing,12.jpg,2022-07-16 22:50,,,,บุคลากร
mod,f4007556-f0b1-4f7f-a7bd-86039b6d3ebb,Ying,yingthedog,Ying,Sunsil,13.jpg,2022-07-03 22:54,,,,บุคลากร
mod,6767d2f2-7bf9-4eee-8fc5-4e82ad7f063a,Somchai,somchaithedog,Somchai,Yo,14.jpg,2022-08-20 22:57,,,,บุคลากร
mod,245e7f16-ad56-43c3-86f8-27180d10a794,kitt,kitthecat,Kitt,HaiDee,15.jpg,2022-07-20 23:27,,,,ปราบปรามยาเสพติด
mod,41e91003-aed2-4d8f-8da3-f15bb2bba5a6,kitty,kittykitty,Kit,the Chef,16.jpg,2022-06-18 23:10,,,,อาหาร
mod,68f4c46d-cf1c-48af-8cae-81070ab68da2,eren,erenthecat,Eren,Cracker,17.jpg,2022-07-25 23:13,,,,ปราบปรามยาเสพติด
mod,f7956351-621f-4d0f-bfde-2bbaa0342b2a,mookrob,mookrobthepolice,Mookrob,Aroi,18.jpg,2022-08-14 23:17,,,,รักษาความสงบ
mod,d2a4e5cb-c70d-44a1-bc0f-44e64e4c8e4b,orangie,orangiethecat,Orangie,Eranjo,19.jpg,2022-09-30 23:21,,,,ปราบปรามยาเสพติด
mod,a8d5b0b0-fad1-4cf9-88b5-a8cc2c324086,farm,farmthebread,Farm,House,20.jpg,2022-08-20 23:22,,,,สถานที่
mod,e947f2d0-7947-4701-bbb7-0a2a03b592b2,saint,saintthedog,Saint,Ekkasarn,21.jpg,2022-08-17 23:26,,,,สถานที่
mod,8ca5f4cb-08c5-46ae-bc2d-ed7516cf85e6,moodang,moodangthecat,Moodang,Aroi,22.jpg,2022-08-16 23:30,,,,รักษาความสงบ
mod,ed226f4c-ac33-42da-a4ac-3adf104d6176,mooteh,mootehthecat,Mooteh,Aroi,23.jpg,2022-08-05 23:31,,,,รักษาความสงบ
mod,7aa3fc35-6460-4c28-bb15-0f1e0bb4658d,arm,armthecat,Arm,Chair,24.jpg,2022-07-30 23:34,,,,อาหาร
mod,3a4d9aa4-bcef-423c-819c-fec190b8f6fe,heart,heartthecat,Heart,Sai,25.jpg,2022-09-14 01:49,,,,อาหาร
